﻿,"28-mar-2018"
 
Ticker,Nombre,Clase de activo,Peso (%),Precio,Acciones,Valor de mercado,Valor nominal,Sector,,ISIN,Bolsa de valores,Ubicación,Moneda,Mercado de divisas,Tipo de Cambio
"AMXL","AMERICA MOVIL L","Equity","14.37","17.25","377,841,255.00","6,517,761,648.75","6,517,761,648.75","Telecomunicaciones","2667470","MXP001691213","Bolsa Mexicana De Valores","México","MXN","MXN","1.00"
"FEMSAUBD","FOMENTO ECONOMICO MEXICANO","Equity","12.65","165.82","34,595,330.00","5,736,597,620.60","5,736,597,620.60","Productos básicos de consumo","2242059","MXP320321310","Bolsa Mexicana De Valores","México","MXN","MXN","1.00"
"GFNORTEO","GPO FINANCE BANORTE","Equity","9.64","111.13","39,360,310.00","4,374,111,250.30","4,374,111,250.30","Financieros","2421041","MXP370711014","Bolsa Mexicana De Valores","México","MXN","MXN","1.00"
"WALMEX*","WALMART DE MEXICO V","Equity","8.23","46.26","80,679,775.00","3,732,246,391.50","3,732,246,391.50","Productos básicos de consumo","BW1YVH8","MX01WA000038","Bolsa Mexicana De Valores","México","MXN","MXN","1.00"
"GMEXICOB","GRUPO MEXICO B","Equity","7.55","60.55","56,520,145.00","3,422,294,779.75","3,422,294,779.75","Materiales","2643674","MXP370841019","Bolsa Mexicana De Valores","México","MXN","MXN","1.00"
"CEMEXCPO","CEMEX CPO","Equity","6.31","12.03","237,943,805.00","2,862,463,974.15","2,862,463,974.15","Materiales","2406457","MXP225611567","Bolsa Mexicana De Valores","México","MXN","MXN","1.00"
"TLEVISACPO","GRUPO TELEVISA","Equity","5.09","57.83","39,921,475.00","2,308,658,899.25","2,308,658,899.25","Consumo discrecional","2380108","MXP4987V1378","Bolsa Mexicana De Valores","México","MXN","MXN","1.00"
"ALFAA","ALFA A","Equity","2.91","23.29","56,726,890.00","1,321,169,268.10","1,321,169,268.10","Industriales","2043423","MXP000511016","Bolsa Mexicana De Valores","México","MXN","MXN","1.00"
"GAPB","GRUPO AEROPORTUARIO DEL PACIFICO O","Equity","2.52","179.63","6,369,715.00","1,144,191,905.45","1,144,191,905.45","Industriales","B0ZV104","MX01GA000004","Bolsa Mexicana De Valores","México","MXN","MXN","1.00"
"ASURB","GRUPO AEROPORTUARIO DEL SURESTE B","Equity","2.25","306.42","3,337,455.00","1,022,662,961.10","1,022,662,961.10","Industriales","2639349","MXP001661018","Bolsa Mexicana De Valores","México","MXN","MXN","1.00"
"KOFL","COCA-COLA FEMSA CLASS L","Equity","2.23","120.23","8,407,630.00","1,010,849,354.90","1,010,849,354.90","Productos básicos de consumo","2141899","MXP2861W1067","Bolsa Mexicana De Valores","México","MXN","MXN","1.00"
"MEXCHEM*","MEXICHEM SA DE CV","Equity","2.04","55.64","16,638,050.00","925,741,102.00","925,741,102.00","Materiales","2434760","MX01ME050007","Bolsa Mexicana De Valores","México","MXN","MXN","1.00"
"AC*","ARCA CONTINENTAL","Equity","1.78","125.71","6,409,095.00","805,687,332.45","805,687,332.45","Productos básicos de consumo","2823885","MX01AC100006","Bolsa Mexicana De Valores","México","MXN","MXN","1.00"
"GFINBURO","GRUPO FINANCIERO INBURSA SRIES O O","Equity","1.73","30.09","26,148,320.00","786,802,948.80","786,802,948.80","Financieros","2822398","MXP370641013","Bolsa Mexicana De Valores","México","MXN","MXN","1.00"
"KIMBERA","KIMBERLY-CLARK DE MEXICO CLASS A","Equity","1.73","34.04","23,037,300.00","784,189,692.00","784,189,692.00","Productos básicos de consumo","2491914","MXP606941179","Bolsa Mexicana De Valores","México","MXN","MXN","1.00"
"BIMBOA","GRUPO BIMBO A","Equity","1.70","39.78","19,404,495.00","771,910,811.10","771,910,811.10","Productos básicos de consumo","2392471","MXP495211262","Bolsa Mexicana De Valores","México","MXN","MXN","1.00"
"IENOVA*","INFRAESTRUCTURA ENERGETICA NOVA","Equity","1.69","88.92","8,604,530.00","765,114,807.60","765,114,807.60","Servicios","B84XBP2","MX01IE060002","Bolsa Mexicana De Valores","México","MXN","MXN","1.00"
"BSMXB","BANCO SANTANDER B SA","Equity","1.61","26.15","27,959,800.00","731,148,770.00","731,148,770.00","Financieros","BF1FXN2","MX41BS060005","Bolsa Mexicana De Valores","México","MXN","MXN","1.00"
"GRUMAB","GRUMA","Equity","1.58","208.57","3,426,060.00","714,573,334.20","714,573,334.20","Productos básicos de consumo","2392545","MXP4948K1056","Bolsa Mexicana De Valores","México","MXN","MXN","1.00"
"PINFRA*","PROMOTORA Y OPERADORA DE INFRAESTR","Equity","1.40","180.74","3,514,665.00","635,240,552.10","635,240,552.10","Industriales","2393388","MX01PI000005","Bolsa Mexicana De Valores","México","MXN","MXN","1.00"
"PE&OLES*","INDUST PENOLES","Equity","1.17","367.26","1,447,215.00","531,504,180.90","531,504,180.90","Materiales","2448200","MXP554091415","Bolsa Mexicana De Valores","México","MXN","MXN","1.00"
"ELEKTRA*","GRUPO ELEKTRA","Equity","1.13","510.08","1,004,190.00","512,217,235.20","512,217,235.20","Financieros","2967084","MX01EL000003","Bolsa Mexicana De Valores","México","MXN","MXN","1.00"
"OMAB","GRUPO AEROPORTUARIO DEL CENTRO NOR","Equity","1.01","88.65","5,168,625.00","458,198,606.25","458,198,606.25","Industriales","B1KFX13","MX01OM000018","Bolsa Mexicana De Valores","México","MXN","MXN","1.00"
"ALSEA*","ALSEA DE CV","Equity","0.94","63.53","6,733,980.00","427,809,749.40","427,809,749.40","Consumo discrecional","2563017","MXP001391012","Bolsa Mexicana De Valores","México","MXN","MXN","1.00"
"LIVEPOLC.1","EL PUERTO DE LIVERPOOL C1","Equity","0.94","135.50","3,130,710.00","424,211,205.00","424,211,205.00","Consumo discrecional","2306814","MXP369181377","Bolsa Mexicana De Valores","México","MXN","MXN","1.00"
"MEGACPO","MEGACABLE HOLDINGS CPO","Equity","0.91","83.97","4,892,965.00","410,862,271.05","410,862,271.05","Consumo discrecional","B292SM8","MX01ME090003","Bolsa Mexicana De Valores","México","MXN","MXN","1.00"
"GCARSOA1","GRUPO CARSO SERIES A1","Equity","0.90","64.03","6,399,250.00","409,743,977.50","409,743,977.50","Industriales","2393452","MXP461181085","Bolsa Mexicana De Valores","México","MXN","MXN","1.00"
"CUERVO*","BECLE SA DE CV","Equity","0.74","36.90","9,047,555.00","333,854,779.50","333,854,779.50","Productos básicos de consumo","BYM4063","MX01CU010003","Bolsa Mexicana De Valores","México","MXN","MXN","1.00"
"GMXT*","GMEXICO TRANSPORTES SAB DE CV SA","Equity","0.71","31.70","10,150,195.00","321,761,181.50","321,761,181.50","Industriales","BFLXFS5","MX01GM1Z0019","Bolsa Mexicana De Valores","México","MXN","MXN","1.00"
"GENTERA*","GENTERA SAB DE CV","Equity","0.47","13.26","16,224,560.00","215,137,665.60","215,137,665.60","Financieros","BHWQZW1","MX01GE0E0004","Bolsa Mexicana De Valores","México","MXN","MXN","1.00"
"VOLARA","CONTROLADORA VUELA COMPANIA DE AVI","Equity","0.46","14.65","14,196,490.00","207,978,578.50","207,978,578.50","Industriales","BDZDPH6","MX01VO000009","Bolsa Mexicana De Valores","México","MXN","MXN","1.00"
"LALAB","GRUPO LALA","Equity","0.45","24.73","8,171,350.00","202,077,485.50","202,077,485.50","Productos básicos de consumo","BFNXZM7","MX01LA040003","Bolsa Mexicana De Valores","México","MXN","MXN","1.00"
"GFREGIOO","BANREGIO GRUPO FINANCIERO","Equity","0.44","111.92","1,781,945.00","199,435,284.40","199,435,284.40","Financieros","B6QL9F6","MX01GF0X0008","Bolsa Mexicana De Valores","México","MXN","MXN","1.00"
"ALPEKA","ALPEK SA DE CV","Equity","0.33","25.26","5,936,535.00","149,956,874.10","149,956,874.10","Materiales","B85H8C9","MX01AL0C0004","Bolsa Mexicana De Valores","México","MXN","MXN","1.00"
"NEMAKA","NEMAK","Equity","0.32","14.94","9,657,945.00","144,289,698.30","144,289,698.30","Consumo discrecional","BYQ32R1","MX01NE000001","Bolsa Mexicana De Valores","México","MXN","MXN","1.00"
"MXN","MXN CASH","Cash","0.06","100.00","27,194,801.00","27,194,801.39","27,194,801.39","Liquidez","-","-","-","México","MXN","MXN","1.00"
"USD","USD CASH","Cash","0.01","1,830.50","131,777.00","2,412,233.26","2,412,233.26","Liquidez","-","-","-","Estados Unidos","MXN","USD","0.05"
 