﻿,"28-sep-2018"
 
Ticker,Nombre,Clase de activo,Peso (%),Precio,Acciones,Valor de mercado,Valor nominal,Sector,,ISIN,Bolsa de valores,Ubicación,Moneda,Mercado de divisas,Tipo de Cambio
"GFNORTEO","GPO FINANCE BANORTE","Equity","12.78","135.30","60,934,160.00","8,244,391,848.00","8,244,391,848.00","Financieros","2421041","MXP370711014","Bolsa Mexicana De Valores","México","MXN","MXN","1.00"
"AMXL","AMERICA MOVIL L","Equity","11.50","15.04","493,279,640.00","7,418,925,785.60","7,418,925,785.60","Telecomunicaciones","2667470","MXP001691213","Bolsa Mexicana De Valores","México","MXN","MXN","1.00"
"FEMSAUBD","FOMENTO ECONOMICO MEXICANO","Equity","11.28","185.18","39,274,480.00","7,272,848,206.40","7,272,848,206.40","Productos básicos de consumo","2242059","MXP320321310","Bolsa Mexicana De Valores","México","MXN","MXN","1.00"
"WALMEX*","WALMART DE MEXICO V","Equity","9.14","57.03","103,327,112.00","5,892,745,197.36","5,892,745,197.36","Productos básicos de consumo","BW1YVH8","MX01WA000038","Bolsa Mexicana De Valores","México","MXN","MXN","1.00"
"GMEXICOB","GRUPO MEXICO B","Equity","6.33","53.95","75,665,352.00","4,082,145,740.40","4,082,145,740.40","Materiales","2643674","MXP370841019","Bolsa Mexicana De Valores","México","MXN","MXN","1.00"
"CEMEXCPO","CEMEX CPO","Equity","6.27","13.14","307,750,128.00","4,043,836,681.92","4,043,836,681.92","Materiales","2406457","MXP225611567","Bolsa Mexicana De Valores","México","MXN","MXN","1.00"
"TLEVISACPO","GRUPO TELEVISA","Equity","4.77","66.54","46,229,064.00","3,076,081,918.56","3,076,081,918.56","Consumo discrecional","2380108","MXP4987V1378","Bolsa Mexicana De Valores","México","MXN","MXN","1.00"
"ASURB","GRUPO AEROPORTUARIO DEL SURESTE B","Equity","2.53","382.63","4,266,696.00","1,632,565,890.48","1,632,565,890.48","Industriales","2639349","MXP001661018","Bolsa Mexicana De Valores","México","MXN","MXN","1.00"
"GAPB","GRUPO AEROPORTUARIO DEL PACIFICO O","Equity","2.46","204.58","7,763,560.00","1,588,269,104.80","1,588,269,104.80","Industriales","B0ZV104","MX01GA000004","Bolsa Mexicana De Valores","México","MXN","MXN","1.00"
"BIMBOA","GRUPO BIMBO A","Equity","2.46","39.91","39,718,112.00","1,585,149,849.92","1,585,149,849.92","Productos básicos de consumo","2392471","MXP495211262","Bolsa Mexicana De Valores","México","MXN","MXN","1.00"
"ALFAA","ALFA A","Equity","2.40","24.13","64,065,680.00","1,545,904,858.40","1,545,904,858.40","Industriales","2043423","MXP000511016","Bolsa Mexicana De Valores","México","MXN","MXN","1.00"
"GFINBURO","GRUPO FINANCIERO INBURSA SRIES O O","Equity","2.17","29.36","47,638,248.00","1,398,658,961.28","1,398,658,961.28","Financieros","2822398","MXP370641013","Bolsa Mexicana De Valores","México","MXN","MXN","1.00"
"MEXCHEM*","MEXICHEM SA DE CV","Equity","2.13","64.36","21,320,432.00","1,372,183,003.52","1,372,183,003.52","Materiales","2434760","MX01ME050007","Bolsa Mexicana De Valores","México","MXN","MXN","1.00"
"KOFL","COCA-COLA FEMSA CLASS L","Equity","1.96","114.26","11,090,800.00","1,267,234,808.00","1,267,234,808.00","Productos básicos de consumo","2141899","MXP2861W1067","Bolsa Mexicana De Valores","México","MXN","MXN","1.00"
"BSMXB","BANCO SANTANDER B SA","Equity","1.62","29.14","35,790,664.00","1,042,939,948.96","1,042,939,948.96","Financieros","BF1FXN2","MX41BS060005","Bolsa Mexicana De Valores","México","MXN","MXN","1.00"
"GRUMAB","GRUMA","Equity","1.61","239.24","4,344,984.00","1,039,493,972.16","1,039,493,972.16","Productos básicos de consumo","2392545","MXP4948K1056","Bolsa Mexicana De Valores","México","MXN","MXN","1.00"
"IENOVA*","INFRAESTRUCTURA ENERGETICA NOVA","Equity","1.59","92.99","11,025,560.00","1,025,266,824.40","1,025,266,824.40","Servicios","B84XBP2","MX01IE060002","Bolsa Mexicana De Valores","México","MXN","MXN","1.00"
"ELEKTRA*","GRUPO ELEKTRA","Equity","1.57","853.42","1,187,368.00","1,013,323,598.56","1,013,323,598.56","Financieros","2967084","MX01EL000003","Bolsa Mexicana De Valores","México","MXN","MXN","1.00"
"KIMBERA","KIMBERLY-CLARK DE MEXICO CLASS A","Equity","1.54","33.30","29,840,776.00","993,697,840.80","993,697,840.80","Productos básicos de consumo","2491914","MXP606941179","Bolsa Mexicana De Valores","México","MXN","MXN","1.00"
"AC*","ARCA CONTINENTAL","Equity","1.54","120.88","8,207,192.00","992,085,368.96","992,085,368.96","Productos básicos de consumo","2823885","MX01AC100006","Bolsa Mexicana De Valores","México","MXN","MXN","1.00"
"OMAB","GRUPO AEROPORTUARIO DEL CENTRO NOR","Equity","1.50","133.45","7,267,736.00","969,879,369.20","969,879,369.20","Industriales","B1KFX13","MX01OM000018","Bolsa Mexicana De Valores","México","MXN","MXN","1.00"
"PINFRA*","PROMOTORA Y OPERADORA DE INFRAESTR","Equity","1.44","199.09","4,658,136.00","927,388,296.24","927,388,296.24","Industriales","2393388","MX01PI000005","Bolsa Mexicana De Valores","México","MXN","MXN","1.00"
"PE&OLES*","INDUST PENOLES","Equity","1.30","322.37","2,609,600.00","841,256,752.00","841,256,752.00","Materiales","2448200","MXP554091415","Bolsa Mexicana De Valores","México","MXN","MXN","1.00"
"ALSEA*","ALSEA DE CV","Equity","1.10","63.67","11,156,040.00","710,305,066.80","710,305,066.80","Consumo discrecional","2563017","MXP001391012","Bolsa Mexicana De Valores","México","MXN","MXN","1.00"
"BBAJIOO","BANCO DEL BAJIO INSTITUCION DE BAN","Equity","1.04","46.18","14,574,616.00","673,055,766.88","673,055,766.88","Financieros","BYSX0F3","MX41BB000000","Bolsa Mexicana De Valores","México","MXN","MXN","1.00"
"MEGACPO","MEGACABLE HOLDINGS CPO","Equity","0.94","96.28","6,328,280.00","609,286,798.40","609,286,798.40","Consumo discrecional","B292SM8","MX01ME090003","Bolsa Mexicana De Valores","México","MXN","MXN","1.00"
"LIVEPOLC.1","EL PUERTO DE LIVERPOOL C1","Equity","0.91","140.44","4,162,312.00","584,555,097.28","584,555,097.28","Consumo discrecional","2306814","MXP369181377","Bolsa Mexicana De Valores","México","MXN","MXN","1.00"
"GCC*","GRUPO CEMENTOS","Equity","0.64","122.81","3,379,432.00","415,028,043.92","415,028,043.92","Materiales","2946663","MX01GC2M0006","Bolsa Mexicana De Valores","México","MXN","MXN","1.00"
"GMXT*","GMEXICO TRANSPORTES SAB DE CV SA","Equity","0.64","31.72","12,969,712.00","411,399,264.64","411,399,264.64","Industriales","BFLXFS5","MX01GM1Z0019","Bolsa Mexicana De Valores","México","MXN","MXN","1.00"
"GENTERA*","GENTERA SAB DE CV","Equity","0.62","18.99","21,124,712.00","401,158,280.88","401,158,280.88","Financieros","BHWQZW1","MX01GE0E0004","Bolsa Mexicana De Valores","México","MXN","MXN","1.00"
"CUERVO*","BECLE SA DE CV","Equity","0.54","30.33","11,586,624.00","351,422,305.92","351,422,305.92","Productos básicos de consumo","BYM4063","MX01CU010003","Bolsa Mexicana De Valores","México","MXN","MXN","1.00"
"LALAB","GRUPO LALA","Equity","0.43","21.40","13,087,144.00","280,064,881.60","280,064,881.60","Productos básicos de consumo","BFNXZM7","MX01LA040003","Bolsa Mexicana De Valores","México","MXN","MXN","1.00"
"ALPEKA","ALPEK SA DE CV","Equity","0.38","30.52","8,037,568.00","245,306,575.36","245,306,575.36","Materiales","B85H8C9","MX01AL0C0004","Bolsa Mexicana De Valores","México","MXN","MXN","1.00"
"LABB","GENOMMA LAB INTERNATIONAL","Equity","0.37","16.39","14,418,040.00","236,311,675.60","236,311,675.60","Cuidado de la Salud","B3B1C73","MX01LA010006","Bolsa Mexicana De Valores","México","MXN","MXN","1.00"
"RA","REGIONAL SAB DE CV","Equity","0.36","117.78","1,957,200.00","230,519,016.00","230,519,016.00","Financieros","BG1Z6X0","MX01R0000006","Bolsa Mexicana De Valores","México","MXN","MXN","1.00"
"MXN","MXN CASH","Cash","0.13","100.00","85,782,192.00","85,782,191.54","85,782,191.54","Liquidez","-","-","-","México","MXN","MXN","1.00"
"USD","USD CASH","Cash","0.00","1,869.86","11,073.00","207,057.17","207,057.17","Liquidez","-","-","-","Estados Unidos","MXN","USD","0.05"
 