﻿,"31-dic-2018"
 
Ticker,Nombre,Clase de activo,Peso (%),Precio,Acciones,Valor de mercado,Valor nominal,Sector,,ISIN,Bolsa de valores,Ubicación,Moneda,Mercado de divisas,Tipo de Cambio
"AMXL","AMERICA MOVIL L","Equity","12.65","13.97","511,647,644.00","7,147,717,586.68","7,147,717,586.68","Comunicación","2667470","MXP001691213","Bolsa Mexicana De Valores","México","MXN","MXN","1.00"
"FEMSAUBD","FOMENTO ECONOMICO MEXICANO","Equity","12.17","168.73","40,746,256.00","6,875,115,774.88","6,875,115,774.88","Productos básicos de consumo","2242059","MXP320321310","Bolsa Mexicana De Valores","México","MXN","MXN","1.00"
"GFNORTEO","GPO FINANCE BANORTE","Equity","10.72","95.78","63,208,240.00","6,054,085,227.20","6,054,085,227.20","Financieros","2421041","MXP370711014","Bolsa Mexicana De Valores","México","MXN","MXN","1.00"
"WALMEX*","WALMART DE MEXICO V","Equity","9.48","49.97","107,169,164.00","5,355,243,125.08","5,355,243,125.08","Productos básicos de consumo","BW1YVH8","MX01WA000038","Bolsa Mexicana De Valores","México","MXN","MXN","1.00"
"GMEXICOB","GRUPO MEXICO B","Equity","5.62","40.44","78,494,868.00","3,174,332,461.92","3,174,332,461.92","Materiales","2643674","MXP370841019","Bolsa Mexicana De Valores","México","MXN","MXN","1.00"
"CEMEXCPO","CEMEX CPO","Equity","5.57","9.49","331,802,568.00","3,148,806,370.32","3,148,806,370.32","Materiales","2406457","MXP225611567","Bolsa Mexicana De Valores","México","MXN","MXN","1.00"
"TLEVISACPO","GRUPO TELEVISA","Equity","4.19","49.34","47,962,304.00","2,366,460,079.36","2,366,460,079.36","Comunicación","2380108","MXP4987V1378","Bolsa Mexicana De Valores","México","MXN","MXN","1.00"
"BIMBOA","GRUPO BIMBO A","Equity","2.86","39.15","41,234,560.00","1,614,333,024.00","1,614,333,024.00","Productos básicos de consumo","2392471","MXP495211262","Bolsa Mexicana De Valores","México","MXN","MXN","1.00"
"ALFAA","ALFA A","Equity","2.75","23.38","66,490,728.00","1,554,553,220.64","1,554,553,220.64","Industriales","2043423","MXP000511016","Bolsa Mexicana De Valores","México","MXN","MXN","1.00"
"GFINBURO","GRUPO FINANCIERO INBURSA SRIES O","Equity","2.48","28.29","49,522,164.00","1,400,982,019.56","1,400,982,019.56","Financieros","2822398","MXP370641013","Bolsa Mexicana De Valores","México","MXN","MXN","1.00"
"KOFL","COCA-COLA FEMSA CLASS L","Equity","2.43","119.15","11,502,272.00","1,370,495,708.80","1,370,495,708.80","Productos básicos de consumo","2141899","MXP2861W1067","Bolsa Mexicana De Valores","México","MXN","MXN","1.00"
"ASURB","GRUPO AEROPORTUARIO DEL SURESTE B","Equity","2.32","296.22","4,421,864.00","1,309,844,554.08","1,309,844,554.08","Industriales","2639349","MXP001661018","Bolsa Mexicana De Valores","México","MXN","MXN","1.00"
"GAPB","GRUPO AEROPORTUARIO DEL PACIFICO","Equity","2.28","159.84","8,043,452.00","1,285,665,367.68","1,285,665,367.68","Industriales","B0ZV104","MX01GA000004","Bolsa Mexicana De Valores","México","MXN","MXN","1.00"
"ELEKTRA*","GRUPO ELEKTRA","Equity","2.07","951.93","1,227,875.00","1,168,851,048.75","1,168,851,048.75","Financieros","2967084","MX01EL000003","Bolsa Mexicana De Valores","México","MXN","MXN","1.00"
"MEXCHEM*","MEXICHEM SA DE CV","Equity","1.95","49.94","22,095,756.00","1,103,462,054.64","1,103,462,054.64","Materiales","2434760","MX01ME050007","Bolsa Mexicana De Valores","México","MXN","MXN","1.00"
"GRUMAB","GRUMA","Equity","1.76","222.70","4,476,120.00","996,831,924.00","996,831,924.00","Productos básicos de consumo","2392545","MXP4948K1056","Bolsa Mexicana De Valores","México","MXN","MXN","1.00"
"KIMBERA","KIMBERLY-CLARK DE MEXICO CLASS A","Equity","1.71","31.17","30,953,048.00","964,806,506.16","964,806,506.16","Productos básicos de consumo","2491914","MXP606941179","Bolsa Mexicana De Valores","México","MXN","MXN","1.00"
"AC*","ARCA CONTINENTAL","Equity","1.65","109.77","8,504,628.00","933,553,015.56","933,553,015.56","Productos básicos de consumo","2823885","MX01AC100006","Bolsa Mexicana De Valores","México","MXN","MXN","1.00"
"PINFRA*","PROMOTORA Y OPERADORA DE INFRAESTR","Equity","1.61","188.13","4,828,784.00","908,439,133.92","908,439,133.92","Industriales","2393388","MX01PI000005","Bolsa Mexicana De Valores","México","MXN","MXN","1.00"
"BSMXB","BANCO SANTANDER B SA","Equity","1.61","24.40","37,206,052.00","907,827,668.80","907,827,668.80","Financieros","BF1FXN2","MX41BS060005","Bolsa Mexicana De Valores","México","MXN","MXN","1.00"
"IENOVA*","INFRAESTRUCTURA ENERGETICA NOVA","Equity","1.48","73.27","11,434,452.00","837,802,298.04","837,802,298.04","Servicios","B84XBP2","MX01IE060002","Bolsa Mexicana De Valores","México","MXN","MXN","1.00"
"OMAB","GRUPO AEROPORTUARIO DEL CENTRO NOR","Equity","1.25","93.65","7,555,148.00","707,539,610.20","707,539,610.20","Industriales","B1KFX13","MX01OM000018","Bolsa Mexicana De Valores","México","MXN","MXN","1.00"
"PE&OLES*","INDUST PENOLES","Equity","1.15","239.94","2,699,236.00","647,654,685.84","647,654,685.84","Materiales","2448200","MXP554091415","Bolsa Mexicana De Valores","México","MXN","MXN","1.00"
"ALSEA*","ALSEA DE CV","Equity","1.05","51.15","11,542,964.00","590,422,608.60","590,422,608.60","Consumo discrecional","2563017","MXP001391012","Bolsa Mexicana De Valores","México","MXN","MXN","1.00"
"BBAJIOO","BANCO DEL BAJIO INSTITUCION DE BAN","Equity","1.03","38.37","15,150,988.00","581,343,409.56","581,343,409.56","Financieros","BYSX0F3","MX41BB000000","Bolsa Mexicana De Valores","México","MXN","MXN","1.00"
"MEGACPO","MEGACABLE HOLDINGS CPO","Equity","1.03","88.14","6,578,540.00","579,832,515.60","579,832,515.60","Comunicación","B292SM8","MX01ME090003","Bolsa Mexicana De Valores","México","MXN","MXN","1.00"
"LIVEPOLC.1","EL PUERTO DE LIVERPOOL C1","Equity","0.97","126.17","4,326,916.00","545,926,991.72","545,926,991.72","Consumo discrecional","2306814","MXP369181377","Bolsa Mexicana De Valores","México","MXN","MXN","1.00"
"GCC*","GRUPO CEMENTOS","Equity","0.62","100.44","3,513,076.00","352,853,353.44","352,853,353.44","Materiales","2946663","MX01GC2M0006","Bolsa Mexicana De Valores","México","MXN","MXN","1.00"
"GMXT*","GMEXICO TRANSPORTES SAB DE CV SA","Equity","0.61","25.63","13,482,616.00","345,559,448.08","345,559,448.08","Industriales","BFLXFS5","MX01GM1Z0019","Bolsa Mexicana De Valores","México","MXN","MXN","1.00"
"GENTERA*","GENTERA SAB DE CV","Equity","0.56","14.48","21,960,116.00","317,982,479.68","317,982,479.68","Financieros","BHWQZW1","MX01GE0E0004","Bolsa Mexicana De Valores","México","MXN","MXN","1.00"
"CUERVO*","BECLE SA DE CV","Equity","0.56","26.26","12,044,832.00","316,297,288.32","316,297,288.32","Productos básicos de consumo","BYM4063","MX01CU010003","Bolsa Mexicana De Valores","México","MXN","MXN","1.00"
"LALAB","GRUPO LALA","Equity","0.51","21.09","13,604,692.00","286,922,954.28","286,922,954.28","Productos básicos de consumo","BFNXZM7","MX01LA040003","Bolsa Mexicana De Valores","México","MXN","MXN","1.00"
"ALPEKA","ALPEK SA DE CV","Equity","0.36","24.05","8,355,424.00","200,947,947.20","200,947,947.20","Materiales","B85H8C9","MX01AL0C0004","Bolsa Mexicana De Valores","México","MXN","MXN","1.00"
"RA","REGIONAL SAB DE CV","Equity","0.32","90.49","2,007,472.00","181,656,141.28","181,656,141.28","Financieros","BG1Z6X0","MX01R0000006","Bolsa Mexicana De Valores","México","MXN","MXN","1.00"
"MXN","MXN CASH","Cash","0.32","100.00","180,590,932.00","180,590,932.36","180,590,932.36","Liquidez","-","-","-","México","MXN","MXN","1.00"
"LABB","GENOMMA LAB INTERNATIONAL","Equity","0.31","11.67","14,988,220.00","174,912,527.40","174,912,527.40","Cuidado de la Salud","B3B1C73","MX01LA010006","Bolsa Mexicana De Valores","México","MXN","MXN","1.00"
 