﻿,"28-jun-2019"
 
Ticker,Nombre,Clase de activo,Peso (%),Precio,Acciones,Valor de mercado,Valor nominal,Sector,,ISIN,Bolsa de valores,Ubicación,Moneda,Mercado de divisas,Tipo de Cambio
"FEMSAUBD","FOMENTO ECONOMICO MEXICANO","Equity","12.86","185.96","43,577,759.00","8,103,720,063.64","8,103,720,063.64","Productos básicos de consumo","2242059","MXP320321310","Bolsa Mexicana De Valores","México","MXN","MXN","1.00"
"AMXL","AMERICA MOVIL L","Equity","12.13","13.97","547,162,655.00","7,643,862,290.35","7,643,862,290.35","Comunicación","2667470","MXP001691213","Bolsa Mexicana De Valores","México","MXN","MXN","1.00"
"GFNORTEO","GPO FINANCE BANORTE","Equity","11.95","111.36","67,606,868.00","7,528,700,820.48","7,528,700,820.48","Financieros","2421041","MXP370711014","Bolsa Mexicana De Valores","México","MXN","MXN","1.00"
"WALMEX*","WALMART DE MEXICO V","Equity","9.54","52.40","114,634,421.00","6,006,843,660.40","6,006,843,660.40","Productos básicos de consumo","BW1YVH8","MX01WA000038","Bolsa Mexicana De Valores","México","MXN","MXN","1.00"
"GMEXICOB","GRUPO MEXICO B","Equity","6.79","50.97","83,964,289.00","4,279,659,810.33","4,279,659,810.33","Materiales","2643674","MXP370841019","Bolsa Mexicana De Valores","México","MXN","MXN","1.00"
"CEMEXCPO","CEMEX CPO","Equity","4.56","8.09","354,920,945.00","2,871,310,445.05","2,871,310,445.05","Materiales","2406457","MXP225611567","Bolsa Mexicana De Valores","México","MXN","MXN","1.00"
"BIMBOA","GRUPO BIMBO A","Equity","2.78","40.03","43,812,432.00","1,753,811,652.96","1,753,811,652.96","Productos básicos de consumo","2392471","MXP495211262","Bolsa Mexicana De Valores","México","MXN","MXN","1.00"
"GAPB","GRUPO AEROPORTUARIO DEL PACIFICO","Equity","2.73","199.88","8,604,710.00","1,719,909,434.80","1,719,909,434.80","Industriales","B0ZV104","MX01GA000004","Bolsa Mexicana De Valores","México","MXN","MXN","1.00"
"ELEKTRA*","GRUPO ELEKTRA","Equity","2.62","1,256.01","1,313,001.00","1,649,142,386.01","1,649,142,386.01","Financieros","2967084","MX01EL000003","Bolsa Mexicana De Valores","México","MXN","MXN","1.00"
"TLEVISACPO","GRUPO TELEVISA","Equity","2.60","32.45","50,423,832.00","1,636,253,348.40","1,636,253,348.40","Comunicación","2380108","MXP4987V1378","Bolsa Mexicana De Valores","México","MXN","MXN","1.00"
"ASURB","GRUPO AEROPORTUARIO DEL SURESTE B","Equity","2.34","311.09","4,741,797.00","1,475,125,628.73","1,475,125,628.73","Industriales","2639349","MXP001661018","Bolsa Mexicana De Valores","México","MXN","MXN","1.00"
"GFINBURO","GRUPO FINANCIERO INBURSA SRIES O","Equity","2.33","27.76","52,871,283.00","1,467,706,816.08","1,467,706,816.08","Financieros","2822398","MXP370641013","Bolsa Mexicana De Valores","México","MXN","MXN","1.00"
"KOFUBL","COCA-COLA FEMSA CLASS UBL","Equity","2.33","119.11","12,314,025.00","1,466,723,517.75","1,466,723,517.75","Productos básicos de consumo","BHHP0S4","MX01KO000002","Bolsa Mexicana De Valores","México","MXN","MXN","1.00"
"ALFAA","ALFA A","Equity","2.13","18.86","71,079,027.00","1,340,550,449.22","1,340,550,449.22","Industriales","2043423","MXP000511016","Bolsa Mexicana De Valores","México","MXN","MXN","1.00"
"KIMBERA","KIMBERLY-CLARK DE MEXICO CLASS A","Equity","1.87","35.69","33,086,804.00","1,180,868,034.76","1,180,868,034.76","Productos básicos de consumo","2491914","MXP606941179","Bolsa Mexicana De Valores","México","MXN","MXN","1.00"
"BSMXB","BANCO SANTANDER B SA","Equity","1.85","29.37","39,711,657.00","1,166,331,366.09","1,166,331,366.09","Financieros","BF1FXN2","MX41BS060005","Bolsa Mexicana De Valores","México","MXN","MXN","1.00"
"PINFRA*","PROMOTORA Y OPERADORA DE INFRAESTR","Equity","1.56","190.73","5,165,946.00","985,300,880.58","985,300,880.58","Industriales","2393388","MX01PI000005","Bolsa Mexicana De Valores","México","MXN","MXN","1.00"
"MEXCHEM*","MEXICHEM SA DE CV","Equity","1.51","40.29","23,621,212.00","951,698,631.48","951,698,631.48","Materiales","2434760","MX01ME050007","Bolsa Mexicana De Valores","México","MXN","MXN","1.00"
"OMAB","GRUPO AEROPORTUARIO DEL CENTRO NOR","Equity","1.50","117.22","8,060,740.00","944,879,942.80","944,879,942.80","Industriales","B1KFX13","MX01OM000018","Bolsa Mexicana De Valores","México","MXN","MXN","1.00"
"AC*","ARCA CONTINENTAL","Equity","1.50","103.85","9,095,325.00","944,549,501.25","944,549,501.25","Productos básicos de consumo","2823885","MX01AC100006","Bolsa Mexicana De Valores","México","MXN","MXN","1.00"
"IENOVA*","INFRAESTRUCTURA ENERGETICA NOVA","Equity","1.46","75.39","12,222,101.00","921,424,194.39","921,424,194.39","Servicios","B84XBP2","MX01IE060002","Bolsa Mexicana De Valores","México","MXN","MXN","1.00"
"GRUMAB","GRUMA","Equity","1.35","180.14","4,705,070.00","847,571,309.80","847,571,309.80","Productos básicos de consumo","2392545","MXP4948K1056","Bolsa Mexicana De Valores","México","MXN","MXN","1.00"
"GCARSOA1","GRUPO CARSO SERIES A1","Equity","1.28","71.56","11,227,057.00","803,408,198.92","803,408,198.92","Industriales","2393452","MXP461181085","Bolsa Mexicana De Valores","México","MXN","MXN","1.00"
"PE&OLES*","INDUST PENOLES","Equity","1.14","248.30","2,886,810.00","716,794,923.00","716,794,923.00","Materiales","2448200","MXP554091415","Bolsa Mexicana De Valores","México","MXN","MXN","1.00"
"BBAJIOO","BANCO DEL BAJIO INSTITUCION DE BAN","Equity","0.99","38.39","16,173,701.00","620,908,381.39","620,908,381.39","Financieros","BYSX0F3","MX41BB000000","Bolsa Mexicana De Valores","México","MXN","MXN","1.00"
"MEGACPO","MEGACABLE HOLDINGS CPO","Equity","0.91","81.54","7,030,051.00","573,230,358.54","573,230,358.54","Comunicación","B292SM8","MX01ME090003","Bolsa Mexicana De Valores","México","MXN","MXN","1.00"
"LIVEPOLC.1","EL PUERTO DE LIVERPOOL C1","Equity","0.78","106.87","4,626,261.00","494,408,513.07","494,408,513.07","Consumo discrecional","2306814","MXP369181377","Bolsa Mexicana De Valores","México","MXN","MXN","1.00"
"ALSEA*","ALSEA DE CV","Equity","0.74","37.78","12,356,765.00","466,838,581.70","466,838,581.70","Consumo discrecional","2563017","MXP001391012","Bolsa Mexicana De Valores","México","MXN","MXN","1.00"
"GCC*","GRUPO CEMENTOS","Equity","0.64","105.81","3,796,927.00","401,752,845.87","401,752,845.87","Materiales","2946663","MX01GC2M0006","Bolsa Mexicana De Valores","México","MXN","MXN","1.00"
"GENTERA*","GENTERA SAB DE CV","Equity","0.61","16.59","23,222,631.00","385,263,448.29","385,263,448.29","Financieros","BHWQZW1","MX01GE0E0004","Bolsa Mexicana De Valores","México","MXN","MXN","1.00"
"CUERVO*","BECLE SA DE CV","Equity","0.61","29.78","12,844,527.00","382,510,014.06","382,510,014.06","Productos básicos de consumo","BYM4063","MX01CU010003","Bolsa Mexicana De Valores","México","MXN","MXN","1.00"
"BOLSAA","BOLSA MEXICANA DE VALORES","Equity","0.60","36.33","10,421,972.00","378,630,242.76","378,630,242.76","Financieros","B39VVF6","MX01BM1B0000","Bolsa Mexicana De Valores","México","MXN","MXN","1.00"
"LABB","GENOMMA LAB INTERNATIONAL","Equity","0.44","17.42","15,947,343.00","277,802,715.06","277,802,715.06","Cuidado de la Salud","B3B1C73","MX01LA010006","Bolsa Mexicana De Valores","México","MXN","MXN","1.00"
"ALPEKA","ALPEK SA DE CV","Equity","0.34","24.11","8,949,945.00","215,783,173.95","215,783,173.95","Materiales","B85H8C9","MX01AL0C0004","Bolsa Mexicana De Valores","México","MXN","MXN","1.00"
"RA","REGIONAL SAB DE CV","Equity","0.34","98.93","2,151,456.00","212,843,542.08","212,843,542.08","Financieros","BG1Z6X0","MX01R0000006","Bolsa Mexicana De Valores","México","MXN","MXN","1.00"
"MXN","MXN CASH","Cash","0.29","100.00","181,729,253.00","181,729,252.66","181,729,252.66","Liquidez","-","-","-","México","MXN","MXN","1.00"
 