﻿,"30-abr-2018"
 
Ticker,Nombre,Clase de activo,Peso (%),Precio,Acciones,Valor de mercado,Valor nominal,Sector,,ISIN,Bolsa de valores,Ubicación,Moneda,Mercado de divisas,Tipo de Cambio
"AMXL","AMERICA MOVIL L","Equity","13.74","17.31","398,182,125.00","6,892,532,583.75","6,892,532,583.75","Telecomunicaciones","2667470","MXP001691213","Bolsa Mexicana De Valores","México","MXN","MXN","1.00"
"FEMSAUBD","FOMENTO ECONOMICO MEXICANO","Equity","13.14","180.78","36,457,750.00","6,590,832,045.00","6,590,832,045.00","Productos básicos de consumo","2242059","MXP320321310","Bolsa Mexicana De Valores","México","MXN","MXN","1.00"
"GFNORTEO","GPO FINANCE BANORTE","Equity","9.68","117.02","41,479,250.00","4,853,901,835.00","4,853,901,835.00","Financieros","2421041","MXP370711014","Bolsa Mexicana De Valores","México","MXN","MXN","1.00"
"WALMEX*","WALMART DE MEXICO V","Equity","8.81","51.97","85,023,125.00","4,418,651,806.25","4,418,651,806.25","Productos básicos de consumo","BW1YVH8","MX01WA000038","Bolsa Mexicana De Valores","México","MXN","MXN","1.00"
"GMEXICOB","GRUPO MEXICO B","Equity","7.38","62.17","59,562,875.00","3,703,023,938.75","3,703,023,938.75","Materiales","2643674","MXP370841019","Bolsa Mexicana De Valores","México","MXN","MXN","1.00"
"CEMEXCPO","CEMEX CPO","Equity","5.85","11.70","250,753,375.00","2,933,814,487.50","2,933,814,487.50","Materiales","2406457","MXP225611567","Bolsa Mexicana De Valores","México","MXN","MXN","1.00"
"TLEVISACPO","GRUPO TELEVISA","Equity","5.63","67.12","42,070,625.00","2,823,780,350.00","2,823,780,350.00","Consumo discrecional","2380108","MXP4987V1378","Bolsa Mexicana De Valores","México","MXN","MXN","1.00"
"ALFAA","ALFA A","Equity","2.86","24.01","59,780,750.00","1,435,335,807.50","1,435,335,807.50","Industriales","2043423","MXP000511016","Bolsa Mexicana De Valores","México","MXN","MXN","1.00"
"GAPB","GRUPO AEROPORTUARIO DEL PACIFICO O","Equity","2.60","194.54","6,712,625.00","1,305,874,067.50","1,305,874,067.50","Industriales","B0ZV104","MX01GA000004","Bolsa Mexicana De Valores","México","MXN","MXN","1.00"
"ASURB","GRUPO AEROPORTUARIO DEL SURESTE B","Equity","2.36","336.33","3,517,125.00","1,182,914,651.25","1,182,914,651.25","Industriales","2639349","MXP001661018","Bolsa Mexicana De Valores","México","MXN","MXN","1.00"
"KOFL","COCA-COLA FEMSA CLASS L","Equity","2.15","121.43","8,860,250.00","1,075,900,157.50","1,075,900,157.50","Productos básicos de consumo","2141899","MXP2861W1067","Bolsa Mexicana De Valores","México","MXN","MXN","1.00"
"MEXCHEM*","MEXICHEM SA DE CV","Equity","2.04","58.42","17,533,750.00","1,024,321,675.00","1,024,321,675.00","Materiales","2434760","MX01ME050007","Bolsa Mexicana De Valores","México","MXN","MXN","1.00"
"BIMBOA","GRUPO BIMBO A","Equity","1.77","43.53","20,449,125.00","890,150,411.25","890,150,411.25","Productos básicos de consumo","2392471","MXP495211262","Bolsa Mexicana De Valores","México","MXN","MXN","1.00"
"AC*","ARCA CONTINENTAL","Equity","1.74","129.26","6,754,125.00","873,038,197.50","873,038,197.50","Productos básicos de consumo","2823885","MX01AC100006","Bolsa Mexicana De Valores","México","MXN","MXN","1.00"
"GFINBURO","GRUPO FINANCIERO INBURSA SRIES O O","Equity","1.71","31.16","27,556,000.00","858,644,960.00","858,644,960.00","Financieros","2822398","MXP370641013","Bolsa Mexicana De Valores","México","MXN","MXN","1.00"
"GRUMAB","GRUMA","Equity","1.64","228.43","3,610,500.00","824,746,515.00","824,746,515.00","Productos básicos de consumo","2392545","MXP4948K1056","Bolsa Mexicana De Valores","México","MXN","MXN","1.00"
"KIMBERA","KIMBERLY-CLARK DE MEXICO CLASS A","Equity","1.64","33.94","24,277,500.00","823,978,350.00","823,978,350.00","Productos básicos de consumo","2491914","MXP606941179","Bolsa Mexicana De Valores","México","MXN","MXN","1.00"
"BSMXB","BANCO SANTANDER B SA","Equity","1.63","27.72","29,465,000.00","816,769,800.00","816,769,800.00","Financieros","BF1FXN2","MX41BS060005","Bolsa Mexicana De Valores","México","MXN","MXN","1.00"
"IENOVA*","INFRAESTRUCTURA ENERGETICA NOVA","Equity","1.49","82.33","9,067,750.00","746,547,857.50","746,547,857.50","Servicios","B84XBP2","MX01IE060002","Bolsa Mexicana De Valores","México","MXN","MXN","1.00"
"PINFRA*","PROMOTORA Y OPERADORA DE INFRAESTR","Equity","1.42","191.64","3,703,875.00","709,810,605.00","709,810,605.00","Industriales","2393388","MX01PI000005","Bolsa Mexicana De Valores","México","MXN","MXN","1.00"
"PE&OLES*","INDUST PENOLES","Equity","1.19","392.54","1,525,125.00","598,672,567.50","598,672,567.50","Materiales","2448200","MXP554091415","Bolsa Mexicana De Valores","México","MXN","MXN","1.00"
"ELEKTRA*","GRUPO ELEKTRA","Equity","1.08","510.01","1,058,250.00","539,718,082.50","539,718,082.50","Financieros","2967084","MX01EL000003","Bolsa Mexicana De Valores","México","MXN","MXN","1.00"
"OMAB","GRUPO AEROPORTUARIO DEL CENTRO NOR","Equity","1.08","99.04","5,446,875.00","539,458,500.00","539,458,500.00","Industriales","B1KFX13","MX01OM000018","Bolsa Mexicana De Valores","México","MXN","MXN","1.00"
"ALSEA*","ALSEA DE CV","Equity","0.98","69.56","7,096,500.00","493,632,540.00","493,632,540.00","Consumo discrecional","2563017","MXP001391012","Bolsa Mexicana De Valores","México","MXN","MXN","1.00"
"GCARSOA1","GRUPO CARSO SERIES A1","Equity","0.90","67.20","6,743,750.00","453,180,000.00","453,180,000.00","Industriales","2393452","MXP461181085","Bolsa Mexicana De Valores","México","MXN","MXN","1.00"
"MEGACPO","MEGACABLE HOLDINGS CPO","Equity","0.88","86.00","5,156,375.00","443,448,250.00","443,448,250.00","Consumo discrecional","B292SM8","MX01ME090003","Bolsa Mexicana De Valores","México","MXN","MXN","1.00"
"LIVEPOLC.1","EL PUERTO DE LIVERPOOL C1","Equity","0.82","124.78","3,299,250.00","411,680,415.00","411,680,415.00","Consumo discrecional","2306814","MXP369181377","Bolsa Mexicana De Valores","México","MXN","MXN","1.00"
"GMXT*","GMEXICO TRANSPORTES SAB DE CV SA","Equity","0.64","29.85","10,696,625.00","319,294,256.25","319,294,256.25","Industriales","BFLXFS5","MX01GM1Z0019","Bolsa Mexicana De Valores","México","MXN","MXN","1.00"
"CUERVO*","BECLE SA DE CV","Equity","0.60","31.68","9,534,625.00","302,056,920.00","302,056,920.00","Productos básicos de consumo","BYM4063","MX01CU010003","Bolsa Mexicana De Valores","México","MXN","MXN","1.00"
"GENTERA*","GENTERA SAB DE CV","Equity","0.51","14.95","17,098,000.00","255,615,100.00","255,615,100.00","Financieros","BHWQZW1","MX01GE0E0004","Bolsa Mexicana De Valores","México","MXN","MXN","1.00"
"RA","REGIONAL SAB DE CV","Equity","0.45","119.48","1,877,875.00","224,368,505.00","224,368,505.00","Financieros","BG1Z6X0","MX01R0000006","Bolsa Mexicana De Valores","México","MXN","MXN","1.00"
"LALAB","GRUPO LALA","Equity","0.41","23.92","8,611,250.00","205,981,100.00","205,981,100.00","Productos básicos de consumo","BFNXZM7","MX01LA040003","Bolsa Mexicana De Valores","México","MXN","MXN","1.00"
"VOLARA","CONTROLADORA VUELA COMPANIA DE AVI","Equity","0.35","11.69","14,960,750.00","174,891,167.50","174,891,167.50","Industriales","BDZDPH6","MX01VO000009","Bolsa Mexicana De Valores","México","MXN","MXN","1.00"
"ALPEKA","ALPEK SA DE CV","Equity","0.33","26.81","6,256,125.00","167,726,711.25","167,726,711.25","Materiales","B85H8C9","MX01AL0C0004","Bolsa Mexicana De Valores","México","MXN","MXN","1.00"
"NEMAKA","NEMAK","Equity","0.29","14.11","10,177,875.00","143,609,816.25","143,609,816.25","Consumo discrecional","BYQ32R1","MX01NE000001","Bolsa Mexicana De Valores","México","MXN","MXN","1.00"
"MXN","MXN CASH","Cash","0.19","100.00","93,529,484.00","93,529,484.03","93,529,484.03","Liquidez","-","-","-","México","MXN","MXN","1.00"
 